note,count
5 1.5,55
rest 0.5,97
rest 0.75,7
C3 1/3,163
C3 0.0,113
A3 0.5,1037
rest 209/3,1
rest 68.75,1
A3 1/3,448
A3 0.0,388
E-4 0.5,312
4.8 0.5,75
4.8.11 0.5,31
4.8.11 1.0,31
4 1.5,25
B3 1/3,294
B3 0.0,126
G4 0.5,633
C#4 1/3,249
C#4 0.0,154
B-4 0.5,350
11.3.6 0.5,23
11.3.6 1.0,12
2 1.5,13
F4 1/3,368
F4 0.0,705
B4 0.5,667
1 1.5,16
B4 1/3,297
B4 0.0,582
F5 1.0,187
0 0.5,231
0.4 0.5,351
7.0 0.5,79
10.0.4 1.0,14
2.5.9 0.5,43
2.5.9 1.0,84
10 0.5,200
7.10.2 0.5,36
4.7.10 0.5,26
5 0.5,197
5.9.0 0.5,98
5.9.0 1.0,67
0 1.0,156
5.9.0 0.75,2
0.4.7 0.25,82
5.9.0 0.25,126
7.10.0 0.25,23
8.11.0 0.25,1
9.0 0.5,213
10.0.2 0.5,1
7.10 0.0,40
C3 0.25,992
5.9 0.0,52
G3 0.25,2422
0.4 0.75,14
F#4 0.25,1089
G4 0.25,2440
6.9.0 0.25,36
6.9 0.25,220
7.10 0.25,328
A2 0.25,584
B-2 0.25,679
G2 0.25,576
B-3 0.75,25
E2 0.25,234
9.0 0.25,508
10.1 0.25,197
C3 0.75,8
10.2 0.5,150
0.4.7 0.5,159
D4 0.0,434
0.4 0.25,374
B-3 0.0,362
5.9 0.25,313
0.5 0.75,5
G#4 0.25,1051
A4 0.25,2546
8.11 0.25,230
B2 0.25,524
C5 1/3,452
C5 0.0,1360
F4 1.0,157
A2 0.5,255
F5 1/3,504
F5 0.0,1712
7.0 1.0,48
4.10 0.5,28
4.7 0.5,271
B-4 1/3,374
10 0.0,41
5.9 0.5,195
A4 0.0,870
G#4 0.0,250
B-4 0.0,825
F1 1.0,17
F2 1.0,61
A2 0.0,136
4 0.5,166
4 1.0,138
G3 0.5,658
4.7 1.5,16
E2 1.5,3
E3 1.0,210
E3 0.0,190
G3 0.0,253
11.3 0.5,48
2.5 0.5,291
F3 1.0,226
D3 1.0,178
B4 1.0,177
F3 0.0,348
G#3 0.0,110
C#3 1.0,61
C3 1.0,206
G#5 1.0,50
B2 1.0,50
D6 1.0,86
G#2 1.0,47
F6 1.0,26
G2 1.0,116
rest 14.25,1
F6 0.75,8
G#2 0.0,43
rest 40/3,2
5 0.0,25
5.8 0.0,26
2.5 0.0,82
2.8 0.0,7
5.11 0.0,5
7.11 0.0,26
5.7 0.0,60
D3 0.0,186
2 0.0,23
2.7 0.0,13
B2 0.0,43
11 0.0,21
11.2 0.0,25
D2 0.0,41
B1 0.0,5
7.11 0.5,177
11.2.5.7 0.5,32
2.5.8.11 1.0,31
F5 0.5,653
E5 0.5,880
9.0.4 0.5,116
9.0.4 1.0,40
D5 0.5,989
7 0.5,317
7.11.2 0.5,103
G5 0.5,715
rest 4.0,25
rest 104/3,1
rest 329/3,1
F5 2.0,35
B-3 1.0,190
D4 2.0,70
rest 689.0,1
C#4 0.5,477
D4 0.5,874
E-5 0.5,360
C4 0.5,681
B-3 0.5,472
D5 1.0,312
F5 0.75,67
D5 0.25,3448
D3 0.5,503
B-2 2.0,25
F3 0.5,612
F4 0.5,418
E-3 0.5,388
9.0 2.0,45
B-4 1.0,139
C5 0.25,3046
C5 0.5,622
5.10 2.0,19
C3 0.5,392
5.9 2.0,23
9.0.3.5 2.0,10
B-2 1.0,104
10.2.5 0.5,86
B-1 1.0,21
F3 0.25,1398
rest 669.0,1
B-3 0.25,1474
D4 0.25,2660
D5 1/3,578
F4 0.25,2032
10 1.0,92
1.4 0.5,182
3.7 0.5,243
B-3 1.5,26
0.3 0.5,196
10.2 0.25,333
3.5 0.5,34
A2 2.0,12
B-4 1.5,28
2.5 2.0,40
B-2 1.5,18
E-5 0.0,730
D5 0.0,1845
F2 2.0,26
D3 0.25,1131
C4 0.25,2580
E-3 0.25,1045
A3 0.25,2311
E-5 1.5,41
F3 1.5,37
A3 1.0,276
B-4 0.25,1496
A4 0.5,906
9.0.3.5 0.5,14
F5 1.5,50
E-5 0.25,1613
A5 0.5,679
B-5 1.5,32
C3 1.5,19
A5 0.25,2786
G5 0.25,3203
F5 0.25,2683
4.7.10.0 0.5,27
B-5 0.5,259
C6 1.5,48
B-5 0.25,1137
E-4 0.25,1214
E-5 4/3,6
5 1/3,51
10.2.5 1.5,6
7.10 0.5,209
rest 540.25,1
0.3.5 0.5,29
5 0.25,388
10.2.5 1.0,64
B-5 1.0,98
B-5 2.0,24
3 0.5,140
2 0.5,217
11.2 2.0,23
5.11 0.25,65
0.3 2.0,32
0.3 0.25,295
7.0 0.25,227
2.8 0.25,75
3.7 2.0,42
E-3 1.0,76
3.7 0.25,218
10.3 0.25,165
3.9 2.0,9
F3 2.0,38
7.10.2 1.0,28
9 0.5,232
10.3 1.0,10
5.10 0.5,47
10.2 1.0,88
0.3.7 1.0,61
5.10 1.0,21
9.0.3 1.0,9
5 1.0,126
10.2.5 0.25,169
F2 0.5,162
3.5.9 0.25,41
B-2 0.5,347
0.3.5 0.25,32
3.5.9 2.0,1
B-1 0.25,218
F5 1.75,10
D5 0.75,77
D6 1.5,18
C6 2.0,29
E-5 1.0,101
G5 1.0,249
E-6 1.0,19
C6 1.0,118
A5 1.0,172
7 1.0,150
D6 7/3,1
E-6 0.5,70
D6 0.5,285
C6 7/3,2
C6 0.5,304
G#5 1.75,9
F3 0.75,31
E5 0.25,3037
C#6 1.75,9
G3 0.75,9
C6 1.75,2
G#3 0.75,16
C6 0.25,1572
G#5 0.25,1310
F#5 0.25,1559
C4 1.0,207
E5 1.0,235
G5 0.0,1615
G5 1/3,390
E5 1/3,369
A5 1.25,8
B-5 1.25,7
D6 0.25,1101
C6 0.75,19
F6 1.5,8
F#5 0.5,486
G5 0.75,68
F3 4.0,5
E-6 0.75,9
5.10 0.25,87
0.5 0.25,166
10.2 1.5,10
10.2 1/3,156
2.5 0.25,383
9.0.3 2.0,3
C#5 0.25,1490
F#4 0.5,481
6 0.5,140
G2 0.5,186
C#6 0.5,143
E4 0.25,2392
B5 0.5,363
B4 0.25,2069
2.6.9 0.5,55
C#4 0.25,937
F#3 0.5,282
C#6 0.25,661
F#2 0.5,75
F6 0.5,52
G#3 0.5,461
G#2 0.5,139
D2 0.5,73
G#1 0.5,65
G1 0.5,86
E3 0.5,441
E2 0.5,72
E-2 0.5,139
F1 0.5,17
10 2.0,29
9 2.0,36
B3 0.25,1770
8 0.5,130
11 0.5,204
1 0.5,144
F#3 0.25,766
E-6 0.25,457
2 0.25,348
3 0.25,237
0 0.25,560
10 0.25,296
9 0.25,267
7 0.25,384
6 0.25,175
D2 8.0,2
F#2 0.25,186
2 4.0,7
G3 1/3,436
D4 1/3,630
A4 1/3,414
A5 1/3,277
D6 1/3,151
F6 1/3,45
0 4.0,7
C4 2.0,68
10.2.5 4/3,2
10.0.3 0.5,1
0.4 1/3,204
7.10.0 0.5,23
3.7.10 0.5,131
5.7.10 0.5,12
rest 1147/12,1
7 2.0,45
B5 0.25,1340
F6 0.25,434
0 2.0,54
G#3 0.25,1085
3 2.0,16
5 2.0,24
3 1.0,69
5.10 1.5,1
6.8 0.5,14
10.1 0.5,73
rest 52.5,2
2.7 0.5,71
B-1 0.5,98
E-5 1/3,358
rest 251/6,1
7.10.1 1.0,12
4 2.0,19
A5 0.0,1388
10 1.5,17
rest 12.5,3
rest 34.0,1
E5 0.75,103
rest 149.5,1
C#5 0.0,516
G#5 0.0,410
F#5 0.0,558
A5 0.75,45
C#3 0.25,551
E5 0.0,1501
C#6 0.75,11
C6 0.0,597
B-5 0.0,640
E4 0.5,907
rest 116.0,1
E3 0.25,1434
4.7 0.25,411
1.4 0.25,158
9.1 0.25,167
2.6.9 1.0,70
6.9.0.2 1.0,8
7.10.2 0.25,15
G3 1.0,249
10.0 0.0,59
9.10 0.0,36
4.5 0.0,13
7.9 0.0,81
6.7 0.0,16
C6 1/3,183
C#6 0.0,274
D6 0.0,572
G4 0.0,913
0.3.5 1.0,2
E-4 1/3,370
E-4 0.0,254
2.3 0.0,37
8.9 0.0,13
10.11 0.0,2
0.1 0.0,1
C#6 2/3,4
2.6 0.25,135
11.2 0.25,369
11.2.5.7 1.0,19
0.3.7 0.25,76
3.5 0.0,81
2.7 0.25,141
C4 0.0,435
0.2 0.0,69
11.0 0.0,13
8.10 0.5,14
rest 14.0,4
0.3.7 0.5,41
8.10 0.25,46
0.2 0.25,100
B-3 2.0,66
6.10 0.25,90
9.0.3.5 1.0,7
rest 2.0,70
rest 6.0,15
2.6.9 2/3,18
9.2 2/3,6
2.6 2/3,25
rest 3371/6,1
4.7 2/3,29
6.9 2/3,14
B5 1/3,142
C#6 1/3,61
A5 2/3,24
F#3 1/3,193
F#5 2/3,19
D3 1/3,215
E3 1/3,207
2 2/3,43
F#5 1/3,207
2 1/3,59
F#4 1/3,250
9.2 1/3,16
1.4 1/3,34
G4 1/3,485
4.9 1/3,28
D4 2/3,83
6.9 1/3,51
7.11 1/3,120
8.11 1/3,18
C#3 1/3,70
A2 1/3,86
4.9 2/3,8
9.1.4 1/3,58
G#5 1/3,130
E4 1/3,345
C#5 1/3,185
G#3 1/3,231
G#4 1/3,195
C#5 1.0,114
4.8 1/3,42
C#5 0.5,607
A3 2/3,60
A4 2/3,58
E3 4/3,6
C#4 2/3,8
B3 2/3,10
F#4 0.0,195
C#5 2/3,13
B2 1/3,79
G#2 1/3,40
E2 1/3,49
A2 2/3,11
E5 2/3,21
D5 2/3,71
F#5 0.75,45
9.1 2/3,15
4.8.11 1/3,14
8.11.2 2/3,2
4 2/3,5
6 2/3,7
2.6 1/3,44
D3 4/3,4
11.2 1/3,191
9.1 1/3,36
8.11.2 4/3,4
E3 2/3,9
E-5 8/3,1
11 8/3,1
7.11 2/3,15
11.3 2/3,3
3.6 4/3,1
G2 1/3,94
F#2 1/3,32
9 8/3,1
1.4 4/3,1
D2 1/3,29
8 4/3,1
10 4/3,13
F3 1/3,342
5 4/3,6
6 4/3,6
B4 2/3,23
F5 2/3,56
B-5 4/3,1
B5 4/3,2
4.7 1/3,86
F#3 4/3,2
F#2 4/3,1
10.1 1/3,18
10.1.4 4/3,1
B2 2/3,1
F#2 2/3,1
11.2 2/3,12
B1 2/3,2
11.2.6 4/3,1
11 4/3,1
0.2.6 2/3,1
9 2/3,18
B4 4/3,4
7 4/3,6
0.4 2/3,14
C5 2/3,66
A4 1.0,292
G4 2/3,60
2.7 2/3,2
2.7 1/3,39
11.3 1/3,13
11.4 2/3,2
B-3 1/3,367
9.0 1/3,139
2.8 1/3,30
7.9 1/3,3
4.6 1/3,2
1.6 1/3,1
2.5 1/3,110
F#5 1.0,104
5.9 1/3,137
7.10 1/3,134
C4 1/3,599
G#5 4/3,2
7 1/3,89
6 1/3,21
4 1/3,46
E6 1/3,49
D6 2/3,7
F#4 2/3,19
D3 2/3,34
G5 2/3,48
B5 0.0,583
7 2/3,10
D2 0.25,188
rest 233/6,1
B5 2/3,4
E6 0.25,478
1.4.7 2/3,1
10 2/3,36
11 2/3,8
9 4/3,5
1.4.7 4/3,1
D2 2/3,3
rest 1.0,125
rest 3.0,52
rest 183.5,1
C5 0.75,57
10.0.4 0.25,18
4.7.10.0 0.0,6
5.9 1.0,180
C5 1.0,276
B-5 1/3,209
5.7.10 0.25,8
4 0.25,238
2.5.7.10 0.25,1
3.9 0.25,121
4.9 0.25,117
5.7.11 0.0,2
0.4.7 0.0,28
2.5.7 0.0,9
8.11 0.5,150
1.4.7.10 1.5,6
9.1.4 0.25,25
2.5.9 0.25,14
2.5.8 1.0,32
2.5.8 0.5,35
9.0.4 1.5,1
2.5 1.0,134
9.2 0.25,136
9.0.2.4 0.25,1
9.11.2 0.25,1
6.9.0 1.0,22
11.2 0.5,276
4.8 0.25,164
9.0 1.5,17
2.5 1.5,14
3.7 1.0,79
10.0.3 0.25,11
A1 0.5,34
A6 0.25,51
C7 0.25,41
E7 0.25,6
D7 0.25,16
B6 0.25,14
B-6 0.25,80
G#6 0.25,106
G6 0.25,160
F#6 0.25,128
rest 1.5,25
rest 5/3,2
rest 36.75,1
rest 48.75,1
rest 46.5,2
F6 0.0,88
E4 0.0,415
B-2 0.0,86
7.10.0 0.75,4
B-4 2/3,120
10.0 0.25,107
F4 2/3,56
B4 0.75,76
B-5 0.75,30
4.7.10.0 0.75,6
rest 464.25,1
7.10.1 0.25,10
7.10.2 0.75,3
2.4 0.0,35
rest 456.25,1
E4 0.75,46
rest 451.75,1
7.10 0.75,3
5 0.75,24
9 0.75,25
7.9 0.75,2
5.9 0.75,11
4.9 0.75,11
7 0.75,20
9.2 0.75,4
7.9.1 0.75,2
4 0.75,13
B2 0.5,148
G4 0.75,37
5.7 0.75,3
4.7 0.75,14
2.5.7 0.75,2
E-5 0.75,43
2.3 0.25,13
G#5 0.75,15
5.7 0.25,115
8 0.25,216
3.5 0.25,60
0.6 0.25,80
B5 0.75,33
6.9 0.75,15
5.8 0.75,16
11.2 0.75,14
7.0 0.75,5
F4 0.75,24
G4 1.5,30
2.5 0.75,5
5.7.11 0.5,12
0.4.7 1.0,140
F#3 0.0,102
E-6 0.0,120
A4 0.75,62
E-3 0.0,191
F2 0.0,51
B-1 0.75,4
F2 0.25,467
9.0.3 1.5,5
6.9.0 1.5,4
7.10.2 1.5,2
10.0 0.5,30
8 1.5,13
9 1.5,19
D4 1.5,13
C#4 1.5,14
11.2.5 0.25,25
4.7.10 0.25,45
4.7.10 1.5,3
C2 0.25,275
G2 0.0,56
1 0.75,8
1.3.7 0.75,13
2 0.75,18
2.6 1.25,2
0.2 0.75,5
10.2 0.75,9
2.7 0.75,1
10 0.75,10
0.2.6 0.75,1
10.0 0.75,1
9.0 0.75,21
G#4 0.75,31
C#5 0.75,35
8.10 0.0,22
8 0.75,5
1 0.25,170
0 0.75,11
G#2 0.25,490
E6 0.0,205
10.1 0.75,6
C4 1.5,21
4.7.10 2/3,1
C5 1.5,58
10.0.4 0.5,6
9 1.0,125
11 1.0,64
0.5 1.5,9
0.4 1.5,14
10.0 1.5,1
A3 0.75,34
rest 2.5,12
rest 68.0,1
9.11.2.4 0.5,62
G#4 0.5,325
G#4 2.0,31
0.4 1.0,159
A2 1.0,118
1.4 1.0,72
9.0.2.5 1.0,5
11.3 1.0,12
11.0.4.7 1.0,3
11.2.5 1.0,48
4.8 1.0,60
G#4 1.0,107
B-4 0.75,40
0.5 0.5,98
4.7.9 0.5,20
9.2 1.0,37
7.11.2 1.0,85
9.0 1.0,136
D5 1.5,49
C5 4.0,6
rest 627.75,1
7.11 1.0,114
11.2 1.0,120
4.7 1.0,108
9.2 0.5,77
2.5.7 0.5,27
2.5.7 1.0,22
F3 3.0,16
D4 1.0,168
E3 3.0,3
0.2 1.0,68
G3 2.0,65
E3 2.0,35
0.5 1.0,37
5.7.11 2.0,4
F5 3.0,10
D6 0.75,20
G1 0.25,55
7.11 0.75,8
7.11 0.25,287
9.0.2 0.75,2
9.0.2 0.25,16
7.11.2 0.75,7
7.11.2 0.25,61
C2 1.0,24
0.2.5.7 0.5,8
B4 2.0,49
1.4.7 0.5,30
4.7.10.0 4.0,2
B1 0.25,75
11.3 0.75,3
11.3 0.25,114
0.4 2.0,17
6.9 2.0,15
11.3 2.0,3
4.7 2.0,25
9.1 2.0,11
F#4 0.75,25
3.6 2.0,15
4.8 0.75,13
4.8 2.0,9
2.6 2.0,12
8.11 2.0,10
9.1 1.0,98
9.1 0.75,15
10.2 2.0,14
7.11 2.0,25
1.4 2.0,3
2.7 1.0,37
6 1.0,35
E4 1.0,173
C#3 0.0,90
9.11.4 0.5,1
2.4 0.5,21
E3 0.75,28
11.4 0.25,115
F#3 1.0,92
9.1 0.5,205
4.9 0.5,86
A4 3.0,6
F#4 1.0,111
8.11 1.0,53
A5 1.5,45
A4 4.0,10
G#5 0.5,311
9.11 1.0,56
D3 3.0,6
B-3 3.0,14
C3 3.0,12
G#3 1.0,92
A3 2.0,34
2.4.8 1.0,3
9.1.4 1.0,97
9.0.4 2.0,2
2.5.8.11 2.0,13
11.0.4 1.0,1
A5 3.0,11
D5 3.0,20
rest 35.25,1
C2 0.5,367
2.5.8.11 4.0,2
0.3.6.9 4.0,1
E-2 0.25,156
E2 1.0,26
9.11 2/3,1
4.8.11 0.75,5
4.8.11 0.25,16
5.9.11 1.0,1
5.9.11 0.75,1
5.9.11 0.25,2
A1 1.0,11
6.9 0.5,136
1.6 0.25,62
2.6 1.5,4
B4 1.25,3
1.5 1/3,17
1.6 0.75,4
F#5 4/3,3
B2 1.25,3
9.1 1.5,22
8.1 1/3,3
3.9 0.5,26
5.8 0.5,185
5.8 0.25,397
1.6 0.5,22
2.6 0.5,118
6.9 1.0,76
11.1 0.25,62
5.8 1.0,70
3.6 0.5,145
3.6 0.25,159
E6 1.0,48
E-6 1/3,64
B3 0.5,463
E6 0.75,24
E5 1.5,37
11.2.6 0.75,2
C#4 0.75,18
E3 1.25,1
2.6 0.75,4
2.4 1/3,12
D3 0.75,22
E-3 0.75,11
E6 1.25,9
11.1 0.0,31
9.11 0.0,71
F2 0.75,5
5.8 1/3,81
F#4 7/3,1
9.2 7/3,1
G3 4/3,5
1 1.0,77
11.1 0.5,16
A5 4/3,2
C#5 1.25,7
6.8 0.0,6
E-6 1.5,21
C#2 0.25,142
C#3 0.75,16
C#6 1.5,16
F#3 0.75,20
F#5 1.5,24
A4 1.5,40
G#4 1.5,13
B2 0.75,12
A3 1.5,33
G3 1.5,15
A2 0.75,17
C3 1.25,6
rest 1.75,9
rest 10.5,1
rest 24.5,1
rest 132.75,1
10.2.5 0.75,12
10.2.5 1/3,58
10.2.3.5 0.0,6
10.2.5 0.0,39
2.5.7.10 0.0,4
rest 1046.5,1
rest 1012.5,1
3.5.9 0.5,9
10.1.4 0.5,10
G6 0.5,16
G#6 0.5,6
0.3.6 0.5,55
10.3 0.5,48
10.2 0.0,45
0.3 0.0,38
10.0.3 0.0,7
3.7.10 0.25,183
0.3 1.0,95
3.7 0.0,49
3.7.10 0.0,14
1.4 0.0,13
10.1.4 0.0,4
3.6 0.0,18
3.6.10 0.0,5
5.8.10 0.25,28
5.8.10 0.0,8
2.6 0.0,10
2.6.10 0.0,4
7.10 1.0,105
3.7.10 1.0,64
4.10 0.0,6
6.10 0.0,9
5.10 0.0,28
7.10.0.3 0.0,2
8 0.0,8
8.10.0.3 0.0,2
9 0.0,33
9.10.0.3 0.0,2
0 0.0,26
7 0.0,29
3 0.0,26
A1 0.25,105
F1 0.25,181
2.6.9 0.0,9
2.6.9 0.25,58
D4 0.75,32
6.9.0.2 0.25,22
G2 0.75,7
F#2 0.75,8
E-2 0.75,5
9.0.3 0.25,31
8.11.2 0.25,12
9.0.3 0.5,24
9.0.2 0.5,18
11 0.25,318
E6 0.5,119
4.7.11 0.5,9
1.4.7.9 0.5,13
rest 10351/12,1
2.4.7 0.25,5
9.0.4 0.25,17
B5 1.5,22
2.8 0.5,55
G5 1.5,67
1.7 0.5,35
6.10 0.5,29
11.2.5 0.5,16
8.11.2 0.5,16
7.9 0.25,95
6.9.0 0.5,24
9.0.2 3.0,9
G5 2.0,41
C#7 0.25,6
B3 1.0,122
C#4 1.0,92
8.0 0.5,114
F6 2.0,11
7.11.2 1.5,7
7.11.2 2.0,19
B5 1.0,58
2.6 1.0,92
B5 2.0,16
G6 2.0,3
11.2.5.7 0.25,30
0.2.5.7 0.25,4
2.5.7 0.25,8
8.11.2.4 0.25,10
1.4.7.9 0.25,6
0.2.6 0.25,5
9 1/3,35
10 1.75,1
11 2.0,20
11 1/3,42
0 1/3,103
2 2.0,26
2.5.8.10 0.25,29
3.7 1/3,86
7.10 2.0,43
3 1.5,14
7.10 1.75,2
G3 1.25,4
E-4 0.75,15
3.7 0.75,6
G#2 0.75,13
8.0 0.25,179
G4 1.0,249
3.7.9 0.25,1
0.2.5 0.25,3
5.8.0 0.25,68
8.11.3 0.5,36
0.3 0.75,13
8.0.3 0.25,66
8.0 1.0,46
5.8 1.5,13
3.6.9 0.5,30
G2 1.5,12
5.7 0.5,56
8.0 1.5,4
2.5.8 0.25,15
1.5.8 0.25,74
1.5 0.25,115
1.5 1.0,23
10.1 1.0,56
0.2.5.8 0.25,3
7.10.0.3 0.25,9
2.5.8.11 0.25,31
7.9.0.3 0.25,1
5.7.10.1 0.25,1
0.3.5.8 0.25,2
7.11 1.75,1
7.11 1.5,8
0.3.7 1.75,1
C4 0.75,17
3.7 1.75,2
0.3 1.5,12
2.5 1.75,2
3 0.75,6
3.7 1.5,7
6.9 1.75,1
A6 1.5,1
F#6 1.0,4
2.5.8.11 1.75,2
2.5.8.11 0.75,4
1.4.7.10 0.25,16
1.4.7.10 1.75,2
2.4.7.10 0.25,2
2.4.7.10 0.75,3
1.2.4.7.10 0.25,1
2.6.9 0.75,10
E-6 2.0,18
E5 2.0,30
4.7.11 1.0,12
11.4 1.0,17
E-4 1.0,115
1.4.6 0.5,3
B-1 1/3,3
F#1 1/3,1
4.6 0.25,29
E2 0.75,2
B-2 0.75,13
B-2 1/3,104
4.10 0.25,84
C#3 1.75,3
C#4 1.75,4
E3 1.75,3
E4 1.25,5
10.2.3.5 0.25,1
2 1.0,114
5.10 1/3,53
1.4.7.10 0.5,17
F3 3.5,1
B-3 2.5,2
6.10 0.75,3
C#4 2.0,18
6.10 1.0,15
8.11.3 0.25,72
10.1.5 0.25,38
6.10.1 0.25,60
1.4.7 0.25,14
5.8.11 0.25,44
10.11 0.25,18
1.3 0.25,43
5.8.11 0.5,15
3.6.10 0.5,10
6.10.1 0.5,37
C#2 1.0,16
5.8.10.1 0.25,1
C#2 0.5,113
6.10.1 1.0,25
6.10.1 0.0,6
2.5.8.11 0.0,18
1.4.7.10 0.0,15
10.1.4 1.0,6
10.1.4 0.25,12
1.4.7.10 1.0,23
11.2.6 0.0,12
11.2.6 1.0,11
11.2.6 0.25,33
10.1.4.6 0.0,5
5.8.11.1 0.0,2
6 0.0,19
1 0.0,10
E-2 0.0,30
C#2 0.0,7
11.2.6 0.5,24
11.2.4.6 0.0,1
B3 0.75,23
C2 0.75,3
A1 0.75,1
F#1 0.75,1
0.3.6 0.25,23
B-6 0.5,9
5.7.10.0 0.5,1
5.11 0.5,60
0.3.5 3.0,4
F7 0.25,3
E-7 0.25,3
G#6 2.0,1
D5 2.0,44
F#6 0.5,16
B-6 2.0,1
F6 1.25,6
3.5.8.10 0.25,9
4.7.10.0 0.25,38
9.0.3.5 0.25,26
8 1.0,54
3.6 1.0,36
10.2.5 2.0,6
rest 200/3,1
0.3.7 0.75,2
2.5.9 0.75,2
3.7.10 0.75,1
9.0.3.5 0.75,1
F#1 0.25,39
rest 25.0,4
9.10.3 2.0,1
3.6.9 0.0,5
B-1 2.0,9
0.3.6.9 0.0,4
10.0.3.6 0.0,2
rest 5.0,13
rest 5.5,4
rest 16.0,2
rest 12.0,7
1.4.7 1.0,37
4.7.10 3.0,11
1 4.0,10
rest 1784.0,1
8.10 2.0,3
0.6 2.0,5
D6 2.0,20
F4 2.0,31
A3 4.0,13
G4 2.0,55
F#4 2.0,22
2.4 2.0,2
1.7 2.0,7
9.0.3 3.0,3
6 4.0,5
10.2.4 1.0,2
G5 4.0,2
E5 3.0,9
A5 2.0,25
C#3 0.5,175
4.7.9 1.0,26
D3 2.0,36
E4 2.0,42
1.2 0.5,2
0.2 0.5,21
9.10 0.5,14
2.5 4.0,3
9.10 1.0,26
0.3.5 2.0,2
0.3.5 1.5,2
10.2.5 4.0,4
0.3.6 2.0,7
0.3.6 1.5,2
7.10.2 4.0,2
2.5.8 2.0,4
2.5.8 1.5,5
4.9 1.0,40
4.7.10 1.0,40
1.7 1.0,10
2.5.9 2.0,7
1.4.7 2.0,2
D6 3.25,1
5.9.0 3.0,1
9 4.0,8
7.10.2 2.0,4
5.8.0 1.0,61
10.0 1.0,62
11.1 4.0,2
F4 7.0,2
11.1.5 4.0,1
11.2.5 4.0,4
0.5 8.0,1
4.10 2.0,1
C4 4.0,3
0 3.0,8
C6 3.0,11
4.7.9 2.0,3
5.9.0 2.0,8
F5 5.0,1
2.4 1.0,105
3.9 1.0,21
B3 2.0,30
E3 4.0,5
11.2.5 3.0,3
8 4.0,18
3.5 2.0,3
11.2.5 2.0,7
8 2.0,20
6.9.0 2.0,7
A4 2.0,47
C#6 2.0,7
4.7.10 2.0,10
1.3.7 2.0,3
1.3.7 4.0,1
2.6.9 2.0,22
G5 3.0,14
C5 2.0,55
D3 4.0,9
10.1 2.0,22
B-3 4.0,6
7.9.2 1.0,2
9.2 2.0,10
D5 4.0,2
4.9 2.0,3
10 4.0,10
2.8 4.0,2
D4 3.0,3
B3 4.0,10
9 3.0,3
7.9.1 1.0,10
7.9.1.2 1.0,1
8.1 0.5,38
C#6 1.0,22
5.8.11 2.0,4
10.2.5 5.0,1
4.7.10.0 2.0,2
4.7.10.0 1.0,22
4.5.9.0 5.0,1
4.5.9.0 1.0,3
9.10.2.5 2.0,1
9.10.2.5 1.0,3
2.4.7.10 5.0,1
2.4.7.10 1.0,3
1.4.7.9 2.0,2
1.4.7.9 1.0,10
D6 5/3,1
G5 5/3,1
0.4.7 2.0,16
C6 5/3,6
1.5 0.5,71
B1 0.5,14
2.5.9 4.0,3
C#5 4.0,6
C#4 4.0,2
C#5 2.0,36
5.8 2.0,18
8.9 0.5,1
9.11 0.5,11
rest 233.25,1
C#3 4.0,11
G3 4.0,10
F#3 4.0,4
A2 4.0,4
D2 4.0,4
9.1.4 2.0,23
D2 2.0,10
7.9.2 0.5,5
rest 132.0,2
rest 165.0,1
rest 502/3,1
rest 2723/3,1
rest 907.75,2
rest 908.0,2
rest 182.0,1
rest 965.25,1
rest 2896/3,1
rest 965.5,2
2.6.9 1.5,11
rest 801.75,2
rest 2399/3,1
rest 784.25,1
A4 1.75,1
E4 4.0,4
6.8 0.25,64
A5 1.75,4
C#5 1.5,19
E3 1.5,31
D3 1.5,7
F#2 1.0,24
1.2 0.25,8
B4 1.5,24
6.8.9 0.25,1
4.7.9 0.25,9
2.6.8 0.25,1
11.1.4 0.25,1
4.7.8 0.25,5
A3 2.5,1
B5 3.25,1
G#4 4/3,1
4.8.11 2.0,11
8.9 1.0,3
1.2 1.0,17
rest 178/3,2
4.6 1.0,19
rest 59.25,1
rest 59.5,1
11.1 1.0,7
rest 175/3,1
2.7 2.0,13
F6 7/3,1
8.11.2 2.0,14
1.3 1.0,18
7.9 1.0,200
6.7 1.0,27
rest 6.75,4
rest 20/3,3
rest 6.5,2
rest 6.25,1
rest 5.75,2
rest 17/3,1
7.9.1 2.0,2
rest 19.0,4
7.10 2/3,32
7.0 4/3,9
E-5 2/3,51
5.9 2/3,49
5.10 4/3,10
rest 4253/6,1
10.2 2/3,92
E-4 2/3,75
B-4 4/3,13
9.0 2/3,38
F4 4/3,15
0 2/3,21
3 2/3,31
10.3 2/3,23
B-3 4/3,15
G3 2/3,51
F3 4/3,28
E4 2/3,20
E-3 2/3,36
F3 2/3,59
F2 2/3,17
B-2 2/3,29
B-4 2.0,36
3.5 2/3,10
B-5 2/3,30
9.10 0.25,19
9.0 0.0,41
C6 2/3,14
B-3 2/3,82
C4 4/3,7
F5 4/3,10
5.9 10.0,1
7.10 4/3,9
E-3 1/3,126
C4 2/3,58
F#3 2/3,6
10.3 1/3,24
D5 4/3,3
0.5 1/3,54
2.3 1/3,10
1.7 1/3,6
C#5 4/3,3
7.10.2 4/3,2
2 4/3,6
1 1/3,14
1.3.7 1/3,2
7.10.1.2 4/3,2
G5 4/3,7
0.3 2/3,44
0.3 1/3,128
0.2 2/3,5
6.9 4/3,2
0.4.7 2/3,5
1.3.7 4/3,1
G#4 2/3,5
G#3 2/3,7
3 1/3,65
8.0 1/3,52
G#5 2/3,9
4.10 1/3,14
6.9 0.0,25
B-4 8/3,1
2.5 2/3,29
E-6 2/3,8
5.10 2/3,15
10.0 4/3,1
2.3 2/3,1
rest 35/6,1
8.0.3 2.0,23
rest 9.5,2
rest 67/3,1
rest 22.5,1
8.0.3 3.0,2
rest 437.0,1
rest 431.5,1
G#3 2.0,58
3.7.10 3.0,4
C5 1.75,10
3.8 2.0,15
E-5 1.75,5
1.5.8 2.0,19
5.8 4.0,3
1.5 3.75,1
8.1 11/3,1
F5 5/3,1
rest 1145/3,1
G#5 2.0,25
rest 379.0,1
7.10.1.3 1.0,6
8.0.3 1.0,46
E-3 2.0,22
8.0 2.0,14
C#3 3.5,1
G#2 3.0,18
5.10 3.0,4
7.10.1.3 2.0,3
7.10.1.3 0.25,26
3.8 3.0,4
B3 1.5,8
E-4 2.0,19
5.8.10 3.0,1
D5 2.5,2
8.10 1.0,28
5.7.10 1.0,2
E-5 2.0,39
F5 2.5,2
8.10.2 1.0,6
3.6.8.10 1.0,1
2.5.8.10 1.0,28
G#5 1.5,20
3.7.11 1.0,1
0.3.6.9 1.0,9
3.5 1.0,41
2.3 1.0,15
8.10 1/3,6
10 1/3,69
A4 10/3,1
F#4 3.0,8
E-4 8/3,1
B3 7/3,1
B-5 7/3,4
8.10 4.0,3
5.7 1.0,96
4.5 1.0,18
B-5 1.75,3
F4 1.75,5
B-4 1.75,5
10.1.3 1.25,1
1.3.7 1.0,9
G#4 2.5,1
B-4 7/3,1
3 4.0,4
F3 3.25,1
G#5 2.5,3
C4 5/3,1
5 10/3,1
C#3 11/3,2
9.0.3 1/3,13
C#4 1.25,2
E2 0.0,33
6.9.11 3.0,3
3.5.8.11 0.25,2
5.8 3.0,6
8.10.2 2.0,1
10.1.3 0.5,18
G5 2.5,6
10.0.3 1.0,1
B-5 2.5,2
8.11.1.3 1.0,1
C#6 2.5,3
0.1 1.0,2
7.8 1.0,18
0.4.8 1.0,1
1.5.8 1.0,46
1.3 1/3,1
D4 10/3,1
B3 3.0,11
G#3 8/3,2
E3 7/3,2
E-5 7/3,2
1.3 4.0,2
E-6 1.75,7
1.3 0.5,12
G#4 3.5,1
E-2 1.0,30
8.1 1.5,1
7.10 4.0,3
E-3 3.0,9
C#3 2.0,18
10.1.3 1.0,2
11.2.3 1.0,1
10.1.3 2.0,1
G#3 1.5,12
F4 1.5,20
E-4 3.0,11
rest 44.0,2
G#1 1.0,10
G#2 4.0,7
rest 7.0,7
8.0 4.0,3
rest 9.0,3
rest 16.5,2
10.0 1/3,18
rest 7841/6,1
3.9 1/3,22
7.0 1/3,75
0.2 1/3,15
C3 2/3,21
0.2.5 2/3,2
4 4/3,2
4.10 2/3,5
5.9 4/3,8
6.9.0 4/3,4
4.7.10 4/3,2
C3 4/3,2
9.0 4/3,8
F6 2/3,7
1.3 2/3,4
3.7 2/3,28
7.10.2 1/3,7
2.6.9 1/3,81
5.9.0 1/3,28
5.9.0 2/3,6
0.3.5 1/3,29
0.3.5 2/3,5
F#4 4/3,4
0.3 4/3,7
0.3.6 2/3,3
5 2/3,12
3 4/3,6
E-2 1/3,24
F2 1/3,60
G2 2/3,9
5.7.10 2/3,9
3.9 2/3,3
11.2 4/3,5
11.2.5 4/3,2
0.4 4/3,3
9.0.4 4/3,2
10.2 4/3,3
7.11.2 4/3,2
7.11 4/3,6
10.0.4 1/3,38
3.7.10 1/3,23
4.6.10 1/3,2
6.10 1/3,5
6.10 2/3,2
0.5 2/3,7
rest 65/6,1
rest 56.0,3
rest 188/3,1
rest 2875/3,1
E5 1.75,2
5.7 2.0,6
11.4 0.5,59
3.8 0.5,19
3.7 6.0,1
9.0.4 4.0,1
6.9.0.2 3.0,1
1.4.7.9 4.0,2
0.3.6.9 3.0,2
7.0 2.0,14
4.6.7 0.5,2
5.9.11 0.5,2
6.11 0.5,26
2.4.8 2.0,4
4.7.10.0 5.0,1
6 5.0,1
9.11 0.25,53
11.2.5.7 3.0,2
6.9.0.2 4.0,2
0.6 1.0,18
G4 4/3,3
7 1.5,37
A2 3.0,2
3.6.9 0.25,25
3.8 0.25,68
G3 7.0,3
5.11 1.0,18
2.8 1.0,11
5.7 3.0,1
F4 3.0,14
5.9 6.0,1
5.11 2.0,5
4 0.0,8
rest 28.0,5
rest 578.5,1
rest 553.5,1
6.11 0.25,50
4.10 1.0,16
8 1/3,34
4.8 1.5,9
1.4.8 0.25,56
3.6.8 1.5,3
0.3.6.8 0.25,20
4.6 1.5,2
11.4 1.5,6
10.1.4 1.5,5
4.6.10 0.25,10
8.1 1.0,13
3.6.9 1.0,8
11.3.6 2.0,1
A6 1.0,2
11.0.4 0.25,1
7.9.0 0.25,2
2.4.5 0.25,1
2.5 4.5,1
0.6 0.5,17
1.4.8 1.0,11
6.9 4.0,3
3.6.9 4.0,2
2.4.8 1.5,1
11.2.4 0.25,6
1.4 1.5,10
11.1 1.5,1
8.11.1 0.25,5
6.9.1 0.25,36
6.9.11 1.5,1
4.9 1.5,13
3.6.9.11 0.5,2
3.6.9 1.5,6
9.11.3 0.25,5
8.11 0.0,40
1.6 1.0,2
8.11.2 1.0,7
11.2.4 1.0,2
4.6.9.0 1.0,1
3.6.9.11 0.25,6
B2 2.0,10
6.11 2.0,2
11.4 2.0,4
1.4.6 0.25,4
E-4 2.5,5
B3 7.5,2
A5 2.5,2
E4 2.5,4
4.8.10 0.5,1
6.8.0 0.5,6
9.1.4 0.5,63
6.9.11.1 0.5,1
11.1.4 0.5,1
rest 20.5,1
6.9.11 0.5,4
B2 1.5,5
4.6 0.5,14
10.1.4.6 1.0,8
rest 2.25,8
rest 7/3,4
rest 8/3,1
rest 854/3,1
rest 3409/12,1
rest 268.0,5
10.0.2 0.0,2
9.10.0 0.0,2
7.0 0.0,13
9.2 0.0,11
7.9.0 0.0,8
4.7 0.0,65
2.4.7 0.0,1
0.2.5 1.0,5
9.10.2 0.0,3
0.3.5 0.0,5
3.5.7 0.0,4
3.5.6 0.0,8
3.5.9 0.0,2
6.9.10 0.0,2
3.9 0.0,8
2.5.8.10 4/3,2
0.3.7 2/3,3
rest 175/6,1
rest 29.0,2
rest 173/6,1
rest 79/6,1
rest 77/6,1
5.8 2/3,9
rest 13/3,3
0 1.5,40
5.9 4.0,8
6.7 1/3,4
9.11 1/3,8
7.0 1.5,10
F#5 2.0,18
8.11.2 1/3,17
8.11.2.4 1/3,2
D6 4/3,3
8.11.2.4 1.0,2
E2 2.0,6
11 1.5,9
0 4/3,3
E-3 1.5,13
7.8 1/3,4
5.7 1/3,42
10.1.5 1/3,10
0.3.7 1/3,10
5.6 1/3,2
2.7 4/3,2
4.7 4/3,2
B3 4/3,3
E2 2/3,2
1.4.7 1/3,19
G2 2.0,20
rest 313.5,1
rest 281.0,1
rest 1044.0,1
C#5 5/3,3
1.4 0.75,13
A4 5/3,3
9.1 5/3,3
D5 1.25,2
rest 4507/6,1
9.1.4 3.5,2
8.11.2.4 3.5,1
11 5/3,4
6 0.75,3
11 0.75,8
11.3.6 1/3,1
B1 1/3,13
4.8 5/3,4
3.6 5/3,1
C#4 2.5,1
E4 7.5,1
10.1 3.5,1
9.11.3 5/3,1
3.9 0.75,5
G#2 2.0,11
E3 17/3,1
F#2 5/3,1
11.3 5/3,1
3.6 0.75,3
B3 3.5,1
3.6 3.0,5
6.9 5/3,2
B3 5/3,5
1.4.8 0.75,4
G#5 1.25,8
1.4 5/3,1
11.2.4 0.75,1
B2 4.0,3
6.9.1 3.5,2
6.9.1 0.75,5
11 3.5,1
3.4 0.25,12
G#5 7/3,2
A4 17/3,1
B5 7/3,1
C#5 7/3,1
A5 2.75,1
F5 7/3,2
C4 3.5,1
10.0.4 0.75,1
D5 7/3,2
4.7.9 4.0,2
5 4.0,8
4 8.75,1
4 7.5,2
9.0.4 1/3,6
9.0.4 0.75,2
E4 5/3,2
E6 4/3,2
4.6.9 7.5,1
4.8.11 7.5,1
E6 1.5,4
D5 5/3,1
9.1.4 0.75,2
D3 7.25,1
F#3 17/3,1
E3 23/3,2
4 5/3,7
8.11 5/3,1
A4 3.5,1
3.6.9 11/3,1
2.4.8 5/3,1
2.8 0.75,1
F#3 2.0,10
B2 5/3,3
8.11 0.75,6
8.11 3.0,6
E3 3.5,5
11.2 5/3,3
E3 5/3,4
4.7.9 0.75,1
D4 5/3,3
G#3 5/3,1
F#4 3.5,1
E5 2.75,2
F#3 2.5,6
D5 2.75,3
F#4 5/3,2
rest 745/3,1
0.3.6.9 3.5,1
8.9 0.25,9
E4 4.5,1
4 4.75,1
11.4 0.75,4
D2 1.75,1
D3 3.5,2
6.11 0.75,1
5 7.5,1
3 7.5,1
4 10/3,1
rest 416.5,1
rest 0.25,158
F#2 0.0,49
8.1 0.25,99
rest 5/12,2
rest 20.0,3
rest 32.5,4
rest 281/3,1
rest 342.5,1
1.6 1.5,1
rest 555.75,1
6.9.1 0.5,48
5.8.11.1 0.5,4
6.9.1 1.5,2
1.5.8 1.5,14
2.5.8.11 1.5,7
6.9.1 1.0,14
2.5.8.11 0.5,37
6.8.11.2 0.5,1
0.3.6.8 1.0,10
0.3.6.8 0.5,15
0.3.6.9 0.5,12
1.5.8 0.5,104
8.11.1 0.5,12
11.1.2 1.0,2
5.8.11.1.2 0.5,3
1.3.6 0.5,10
0.1.3.6.9 1.0,1
0.1.3.6.9 0.5,1
1.4.7.10 1/3,3
0.4.7 1.5,4
C#2 3.0,5
1 1.75,1
1.5.8 0.75,11
8.1 0.75,1
2.6.7 0.5,2
5.8.11.1 0.25,24
8.11.2.4.5 0.25,1
5.8.11.1.2 0.25,1
6.9.11.1 0.25,1
8.11.1.4.5 0.25,1
11.1.5 0.25,5
11.2.4 0.5,6
1.4 1.25,1
7.9 0.5,14
G#1 0.25,104
1.4.7 1.25,1
D3 2.5,6
D2 1.5,2
A1 1.5,3
F#1 0.5,4
D2 1.0,16
F#3 1.5,9
2.4 0.25,32
1.7 0.25,72
7.11.2 0.0,3
1.4.7.10 0.75,5
11.3.6 0.25,27
4.7.9.11 1.0,1
9.1.4 1.5,6
6 1.5,29
0.3.6.8 1.5,1
3.6.8 0.5,11
2.5.8.11 2/3,1
F#6 0.0,18
G#6 0.0,21
A6 0.0,11
0.3.6.9 0.25,21
6.9.0.1 0.25,1
10.11.3.6 0.5,2
11.1.2 0.5,2
6.9.0.1 0.5,1
G6 0.0,16
B6 0.0,3
C#7 0.0,9
5.8.11 0.0,4
6.9.1 0.0,2
9.11.2.5 0.5,1
6.9 1.5,3
1.5 1.5,8
1.2.5.8 0.5,1
2.6.7 0.25,1
6.7.9.0.3 0.25,2
A6 0.5,2
G6 2/3,2
9.1.3.4 0.25,1
2.6.7.9 0.25,1
10.1.4.6 0.25,18
1.4.7.9.10 0.25,1
E6 2/3,6
4.6.9.10 0.25,1
1.3.6 0.25,1
3 1.25,6
5.8 1.25,2
1 1.25,7
5.8.11 1.25,1
F#2 1.5,5
C#2 1.5,2
1.6 0.0,2
8.11 1.5,9
11.3 1.5,5
7.10.1 1.5,3
7.10.1.3 0.5,9
B-1 0.0,29
10.1 0.0,3
10.11.2.6 1.0,1
6.10.1 1.5,10
G3 2.5,3
7.11.2 1/3,30
2.7 1.5,6
6.7.11.2 0.5,1
B1 1.5,2
4.6.10 0.75,1
6.10.1 2.5,1
6.10 1.5,3
10.1 3.0,1
6.10.1 3.0,3
F#1 1.0,3
C#2 0.75,1
rest 3.5,4
rest 835.0,1
rest 2495/3,1
7.8.0 0.5,5
7.8 0.5,6
11.0 0.5,7
0.5 3.0,1
2.5.8.10 4.0,4
2.3 0.5,7
B-4 4.5,1
3.6.10 2.0,3
5.8.10 1.0,18
2.5.8.10 0.5,45
3.5.9.11 2.0,1
10.2.5 3.0,1
B-5 3.0,7
3.7 4.0,1
G#2 6.0,1
F6 3.0,6
7 8.0,2
11.2.5.7 6.0,2
1.5 2.0,4
C3 2.0,31
10.1.5 1.0,8
8.0.2 1.0,1
0.5 2.0,5
3.7.9 1.0,2
3.5.8 1.0,1
8.10.0 1.0,1
6 2.0,16
G1 1.0,16
G5 4.5,1
0.4.7 3.0,3
0.3.6.9 2.0,10
6.9.0.2 2.0,13
3.7 3.0,3
C4 2.5,1
5.8.0 0.5,95
5.8.10 0.5,27
7.10 3.0,2
11.2 3.0,3
G#5 3.0,5
F#5 3.0,3
0.3.7 1.5,8
10.11 0.5,2
6.7 0.5,4
8.0.3 0.5,74
0.3.7 3.0,3
0.2.5.8 0.5,4
7.11.2 3.0,2
F6 5.0,1
7.10.1.3 6.0,1
1.3.7 6.0,2
G#3 4.0,3
3.6.8 1.0,6
0.3.7 2.75,1
rest 95/3,1
rest 31.75,1
rest 1.25,13
2.5.8.11 2.75,1
rest 949.0,1
0.3.6.9 2.75,3
rest 2788/3,1
rest 759.0,1
3 1.75,1
0.3.5.8 0.5,1
5.8.11 0.75,1
5.8.0 0.75,1
5 1.75,2
9.1.3 0.75,1
9.1.3 0.25,1
10.1.3 0.75,1
10.1.3 0.25,18
9 1.75,1
5 1.25,6
5.7.11 1.0,13
C6 1.25,14
0.3 3.0,3
0.3 4.0,5
7 1.25,11
5.6.8 0.5,4
3.5.8 0.5,10
3.5.6 0.5,4
7.8.10 0.5,3
2.3.7 0.5,2
11.3.5 0.5,2
C#3 3.0,7
11.2.5.7 2.0,8
7.10.2 2.75,1
1.4.7.10 2.0,5
3.6.9 2.0,5
4.7.11 2.0,8
B1 2.0,3
B1 1.0,9
7.8 0.25,28
3.8 1.0,6
0.3.6 1.0,15
3.6.10 1.0,11
8.11.3 1.0,6
rest 180.25,1
2.3.5 0.5,2
0.2.5 0.5,6
10.1.5 0.5,21
1.3.7 0.5,5
B-2 3.0,20
0.4.7 0.75,1
rest 10.0,4
rest 236.0,1
rest 276.0,1
rest 308.0,3
F3 8.0,1
10 8/3,1
rest 974.0,1
0.1.3.4 1/3,1
2.5 4/3,3
rest 780.0,1
F1 1/3,1
D6 1.75,2
9.0.2 4.0,1
7.10.0 4.0,1
10.0.4 4.0,1
2.5.7 4/3,2
0.4.7 1/3,58
C6 4/3,1
F6 4/3,1
C2 2/3,2
7.10.0 2.0,6
9.0.2 1.0,13
E-5 2.25,3
9.0 5/3,1
10.2 2.25,1
4.10 2.25,1
10.2.4 0.25,1
0.3 8/3,1
9.0 4.0,1
7.10.0 4/3,1
3.7 4/3,2
rest 237.0,1
C#6 4/3,1
rest 75.0,1
G#3 4/3,2
10.2 2.5,1
10.2 1.25,1
5 5/3,1
3.5.9 4/3,1
rest 3.75,3
rest 610.25,1
rest 604.0,1
rest 403.0,1
10 1.25,11
11.3.6 1.5,1
11.1.4.6 0.5,1
3.6.10 0.25,10
8.0.3 1.5,4
7.10.1 0.0,6
7.10.1 0.5,23
5.8.10 1.5,5
7.10.0.3 0.5,3
8.10.2 0.5,22
5.7.8 0.25,20
3.7.8 0.25,7
8.0.2 0.25,3
B-4 2.5,7
3.6 1.5,9
C3 4.0,12
0.5.6 0.5,4
G6 1.0,6
10.0 2.0,6
B-3 1.25,6
B-4 1.25,7
D2 0.75,2
3.6.9 3.5,1
3.6.9.11 4.0,1
2.5.8.10 2.5,2
7.10.1.3 1.5,1
0.3.7 2.0,7
C4 1.75,4
2.8 2.0,6
3.8 1.5,1
5.10.11 0.5,2
C7 1.0,3
E-4 1.25,3
E-5 1.25,2
rest 205.5,1
8.10.2 0.25,14
3.7.10 2.0,13
10.1.5 0.0,13
8.0.3 0.0,1
0.1.5.8 0.25,1
5.8.0 0.0,11
7.10 1.5,11
7 3.0,8
E-2 2.0,2
2.3 2.0,1
10.3 2.0,5
rest 7.75,1
rest 859/3,1
rest 286.5,1
rest 860/3,1
rest 286.75,2
10.1.3.6 0.5,3
1.3.8 1.0,3
rest 284.75,1
1.3.6.8 1.0,2
G#2 4/3,6
0.3.6.8 0.75,9
0.3.6.8 0.0,9
1.3.8 0.5,4
G#1 0.75,2
6.8 0.75,2
C#3 1.5,10
G#2 1.5,7
1.3.6.8 0.25,2
1.3.6.8 0.5,2
B-6 0.0,3
10.1.3.6 0.25,1
G#3 1.25,5
1.3.6 1.0,1
G3 5/3,1
C#4 4/3,1
rest 4/3,1
E4 1.75,3
G4 5/3,1
rest 135.0,1
rest 140.0,1
rest 142.0,1
rest 136.0,1
rest 1018.5,1
0.2 2.0,4
rest 982.0,1
rest 1682/3,1
11.3.6 4.0,2
1.4 4.0,5
0.2.6 1.0,3
G4 3.0,24
7.9 2.0,1
C#2 1/3,20
A1 1/3,14
G#1 1/3,4
C2 1/3,8
G1 1/3,2
A3 3.0,9
F#3 3.0,2
B3 1.75,1
F#4 1.75,1
rest 2771/6,1
E6 4.0,1
7.9.1 4.0,3
0.2.6 2.0,1
0.2.6 0.5,9
6.9.0.2 1.5,5
6.9.0.2 0.5,2
rest 42.5,2
rest 313.0,1
rest 364.5,1
rest 1103/3,1
rest 4279/3,1
E6 3.0,2
rest 1334.5,1
rest 15961/12,1
A1 0.0,5
3.7.9 0.5,1
1 2.0,15
1.5.9 1.0,1
2.5.7 2.0,2
0.2.5.7 2.0,1
D4 4.0,3
4.5 0.25,18
10 6.0,1
E4 1.5,18
C6 2.5,1
E-2 6.0,1
0 6.0,1
5 6.0,1
2 6.0,1
7 6.0,1
4 6.0,1
D2 3.0,1
F5 1.25,11
8.11.2 3.0,1
A4 5.0,1
7 4.0,11
2 1.75,1
9.1.4 4.0,3
G4 4.0,8
7.10.0 1.0,10
G#3 3.0,4
9.11.3 1.0,6
11.1.5 1.0,1
1.4.7.10 4.0,1
4.6.9.0 4.0,1
9 6.0,1
10.1.4 2.0,1
3.7.10 4.0,2
8 8.0,1
A1 4.0,1
A2 1.75,1
rest 43.75,2
C#5 6.0,3
C#5 3.5,2
rest 13/6,1
rest 56/3,1
rest 18.75,1
rest 23.5,1
rest 71/3,1
rest 23.75,1
rest 51.75,1
rest 157/3,1
rest 86.25,1
rest 259/3,1
rest 86.5,1
rest 683/3,1
rest 344.0,1
rest 3973/12,1
rest 328.25,1
rest 333.0,2
rest 321.5,1
rest 321.0,2
rest 293.0,1
rest 292.0,1
11.0 1.0,26
4.7 2.75,2
G1 0.0,3
C2 0.0,32
rest 157.0,1
rest 943/6,2
11.0.2.5.7 1.0,2
rest 181/12,1
1.2 0.0,10
rest 111.25,1
rest 110.75,1
rest 110.5,1
rest 331/3,1
5.11 0.75,1
9.0 2.75,1
7.9.10.0 1.0,3
rest 77/12,1
rest 73/12,1
rest 116.25,1
rest 349/3,1
rest 905.0,1
rest 2717/3,1
rest 905.75,2
7.9.1 0.25,6
rest 1013.25,1
G#3 7.5,3
rest 11657/12,1
G#3 8.0,3
8.9.1 0.25,13
8 3.0,11
rest 800.25,1
rest 9601/12,1
11 3.0,6
9.1.4 2.25,2
9.1.4 3.0,4
9.1.4 1.25,3
1.3.7 0.25,24
1.4.8 0.5,22
1.3.4.7 0.25,20
3.7.11 0.25,5
E-5 3.0,8
5.6 1.0,1
F#4 1.5,20
F2 1.5,8
C2 2.25,1
1.4 1.75,2
6.8.9.1 0.25,3
3.6.8.9 0.25,4
1.3.6.9 4.0,1
8.0.3 4.0,1
E-4 1.5,19
4 3.0,6
1 3.0,5
2.6.9 2.25,1
2.6.9 3.0,1
2.6.9 1.25,1
6.8.0 0.25,12
3.6.8 0.25,11
6.8.0 0.75,8
G#4 3.0,8
G1 1.5,1
G3 1.75,2
B-3 5/3,1
rest 11.5,1
G1 2.0,1
B-1 1.75,1
rest 34/3,1
C#2 1.75,1
rest 11.25,1
E2 5/3,3
rest 11.0,5
G4 1.75,2
B-4 5/3,1
B-2 4/3,5
C#3 1.25,2
E5 10/3,1
G5 3.25,1
1.4.7.10 3.0,1
F#1 1.5,1
C3 1.75,3
E-3 1.75,1
F#3 5/3,3
F#1 2.0,1
A1 1.75,1
C2 1.75,1
E-2 5/3,1
E-4 1.75,1
A2 4/3,1
A4 3.75,1
rest 439/3,1
C5 3.5,1
rest 146.25,2
E-5 3.25,1
rest 146.0,1
rest 145.75,2
1.6 8.0,1
2.6 8.0,1
1.7 8.0,1
8.1 8.0,1
6.8.0 4.0,4
rest 353/6,1
6.8.0 1.0,5
rest 17.0,2
rest 297.25,1
rest 304.0,1
rest 1131.0,1
6.9.0 4.0,3
7.11 4.0,4
1.2.6.9 4.0,1
4.7.11 4.0,2
2.6.9 4.0,6
11.2.4 2.0,2
9.11.3 2.0,1
4 4.0,6
11.0 0.25,33
6.7 0.25,32
7.9 4.0,1
9.11.1 0.5,1
9.1 4.0,2
7.9.0.2 2.0,1
F#2 4.0,3
0.2.6 4.0,1
rest 22.25,1
rest 1/12,48
rest 39.0,3
rest 9.25,2
rest 21.25,2
rest 42.0,2
rest 112.25,1
rest 1038.0,1
rest 1002.0,1
F5 4.0,2
B-5 4.0,3
C2 2.0,8
F1 2.0,6
5.9 1.5,11
1.4.7 4.0,2
1.4.7.10 2.5,2
G1 4.0,4
5.9.0 1.5,7
11.2.5 1.5,1
C2 1.5,7
B-2 4.0,1
G2 4.0,9
B2 3.0,1
F2 4.0,3
E2 4.0,1
E-2 4.0,2
E-2 1.5,4
F1 1.5,4
F1 6.0,2
3.5 4.0,1
9.0.3.5 6.5,1
G#4 1.75,2
G#5 4.0,2
E-6 4.0,1
rest 155.0,1
4.7 4.0,2
3.6 2.5,1
C2 4.0,6
rest 2/3,1
rest 28.5,1
rest 404.75,1
4.7.11 0.25,18
rest 377.5,1
9.11.1 0.25,2
2.4.8 0.5,7
11.2.6 1/3,5
11.4 1/3,5
2.4.7 0.5,2
0.4.6 0.5,1
4.6 0.0,38
1.7 0.0,2
9.1.4 0.0,5
11.0.2 0.25,1
0.2.7 0.25,1
9.11.2 0.5,1
7.9.1 0.5,2
4.7.11 1/3,4
rest 8.25,1
rest 8.0,7
6.11 0.0,4
11.4 0.0,14
4.9 0.0,27
rest 47.5,1
rest 50.25,1
rest 72.25,1
rest 60.5,1
rest 45.75,1
rest 238.5,1
rest 2533/12,1
0.5 0.0,13
4.7.9.0 0.0,1
0.2.5.7 0.0,1
4.7.10.0.1 0.0,1
1.4.7 0.0,7
2.5.9 0.0,6
4.7.9 0.0,22
7.10.0 1.5,8
7.9.10 0.0,6
5.9.0 0.0,8
4.5.9.0 0.0,1
rest 23/3,1
10.0.4 2.0,1
rest 90.0,2
rest 143.0,1
rest 523/3,1
rest 388.75,1
rest 389.0,1
rest 1214/3,1
7.9.0.3 0.5,5
D6 1.25,11
rest 737/3,1
5.7.0 0.5,2
0.3.6.7 1.0,1
G3 3.0,9
rest 16.75,1
0.2 3.0,1
rest 70.5,2
rest 211/3,1
E-6 5/3,1
3.9 1.5,1
0.6 1.5,2
G1 2.25,1
5.7.11 1.5,1
rest 64.5,1
rest 2717/6,1
5.10 0.75,1
7.10.0 1/3,9
0.6 0.0,1
8.1 0.0,1
3.4 0.0,5
A1 1.25,1
8.0 0.0,11
7.8 0.0,14
10.3 0.0,18
9.0.3.5 1.5,4
rest 283/6,1
rest 264.25,1
A5 8/3,1
C#4 11/3,2
A3 10.75,1
9.1.4 4/3,1
rest 1760.75,1
11.2.6 4.0,1
G#3 11/3,1
B2 35/3,1
A3 23/3,1
8.11 23/3,1
6.11 23/3,1
9 5/3,2
4.8 1.75,1
G5 11/3,1
E6 5/3,2
0.4 23/3,1
11.4 5/3,3
9.11 2.0,2
6.11 5/3,1
3.8 5/3,1
C#6 5/3,1
6.9 19/3,1
11.2 19/3,2
A2 1.5,9
A2 5/3,2
3 5/3,1
1 5/3,2
8 5/3,2
6 11/3,1
8 11/3,1
A2 11/3,5
10 11/3,1
3.6 1/3,16
B4 3.0,10
6.9.1 2/3,1
8.11.2 23/3,2
8.11.1 23/3,2
D3 11/3,2
F#2 7/3,1
G5 1.75,3
B5 3.0,2
B2 11/3,1
5.6 0.5,1
F#3 11/3,1
E5 2.5,8
E3 11/3,1
0.5 11/3,1
4 11/3,1
A3 31/3,1
C#6 1.25,2
9.1.4 5/3,1
C6 11/3,1
3.4 0.5,1
C5 7/3,1
B-5 5/3,2
9.1.4 11/3,1
A5 5/3,2
8.1 5/3,1
F#5 5/3,1
4.7 19/3,1
B1 11/3,1
C#2 11/3,1
D2 5/3,1
6 5/3,1
11 11/3,1
1 11/3,1
2 11/3,1
3 11/3,1
E4 3.0,8
B4 5/3,1
D4 2.75,1
E5 5/3,1
G#4 5/3,4
E5 11/3,1
A4 11/3,1
D5 11/3,2
9.1 2.75,1
rest 55.75,1
rest 17.25,1
rest 52/3,1
rest 17.5,1
rest 53/3,1
rest 17.75,2
rest 77.0,1
D4 4/3,12
rest 192.0,1
rest 557/3,1
rest 171.0,6
6.9.11 1/3,2
4.7.9 1/3,6
2.8 2/3,3
rest 92.75,1
6.9.0.2 1/3,21
9.1.2 1/3,1
4.7.11 2/3,1
9.0.2 1/3,7
2.4.9 1/3,1
7.9.1 1/3,4
1.7 2/3,1
5.7.11 1/3,18
2.5.8 1/3,32
2.5.8.11 1/3,1
0.2.7 1/3,1
0.2.6 1/3,4
rest 475/12,1
rest 64/3,2
rest 253/12,1
rest 21.0,1
rest 125/6,1
rest 62/3,1
rest 247/12,2
rest 46/3,1
rest 545.5,1
2.8 1.5,6
11.2 1.5,8
9.2 1.5,5
5.8.11 1.0,3
4.5 0.5,4
5.11 1.5,1
rest 19.5,2
11.2.4.7 1.0,1
rest 4.5,5
rest 18.0,2
rest 20.75,1
rest 360.75,1
rest 739.0,1
rest 739.5,1
rest 739.75,1
0 1.25,14
5 4.5,2
8 1.25,13
C5 2.5,10
rest 1554.0,1
rest 1179.25,1
5.8.11 3.0,6
6 4.5,4
C#5 2.5,4
1.5.8 3.0,3
6.9.0 3.0,1
4.7 3.0,8
7.10.1 3.0,4
8.10.1 3.0,1
0.4.7 13/3,2
5.8.0 4.5,1
3.7 3.5,1
4.8.11 6.0,2
7.10 1.25,1
3.6.9 3.0,1
1.3.7 1.5,1
3 3.0,6
8.0.3 6.0,1
3 4.5,3
1.4 6.0,1
9.1 4.5,1
B4 4.5,1
8.11.3 6.0,1
9 4.5,2
F5 2.75,2
rest 839.0,1
G5 2.75,1
10.1.3 1.5,3
8 4.5,1
11 1.25,2
4 4.5,2
B4 2.5,2
11.3.6 3.0,1
F#5 2.5,1
9.1 3.0,1
4.8.11 1.5,2
6.9.1 3.0,2
F#4 1.25,4
4.8.11 3.0,4
3.6.9.11 3.0,5
F#5 1.25,5
3.6.9.11 1.0,10
E2 4.5,1
G2 1.25,1
B5 1.25,5
C2 4.5,1
G6 1/3,11
E-2 1.25,1
E-3 1.25,2
G4 1.25,2
G5 1.25,10
G#1 4.5,1
G#6 1/3,10
C7 1/3,1
C2 1.25,2
F#4 4.5,1
C5 1.25,7
F#6 1.5,2
F#6 2.0,3
10.1.5 6.0,2
0.3 1.25,1
G#2 2.5,1
G#2 3.5,2
G#4 1.25,6
5 3.0,13
C#5 3.0,6
1 4.5,1
2 4.5,2
C#4 3.0,5
E4 2.75,1
G4 2.5,2
B-4 2.25,2
rest 458.0,1
rest 10.25,1
G4 2.75,1
C#5 2.25,1
B-4 2.75,1
E5 2.25,2
rest 831.25,1
B-4 3.0,5
C#5 2.75,1
rest 828.25,1
E5 1.25,1
5.11 3.0,4
0.6 3.0,3
E2 3.0,1
F2 3.0,9
0.1 0.5,9
G2 3.0,4
5.9.0 4.5,1
9 1.25,6
8.0 3.0,7
10.1.4 3.0,1
1.5.8 6.0,2
4.7 1.25,1
0.3.6 3.0,3
5.8.0 1.5,6
4.7.10.0 1.5,12
2 1.25,1
C4 3.0,7
5.9.0 6.0,1
0 4.5,1
10.1 6.0,1
6.10 4.5,1
G#4 4.5,1
5.8.0 6.0,2
10.0.4 6.0,1
G#5 2.25,1
C5 3.0,10
rest 381.0,1
G5 2.25,1
rest 378.25,1
rest 378.0,1
10.1 1.5,11
G#1 1.5,1
F1 4.5,1
G#1 1.25,1
G#2 1.25,1
F#2 4.5,1
C4 1.25,4
E-6 1.25,4
D6 3.0,1
C7 0.5,1
10 3.0,9
1.5.7 0.5,8
F1 3.0,8
rest 39.5,2
rest 143.25,2
rest 142.25,2
0.1 0.25,25
10.0.1 0.25,5
8.10.1 0.25,1
5.7.8.0 0.25,3
rest 95.75,1
11.3 0.0,36
1.3 0.0,7
10.1.3 0.0,4
9.1.3 0.0,1
1.3.8 0.0,1
1.3.7 0.0,3
1.3.5 0.0,1
10.2.3 0.0,1
3.4.7.10 0.0,1
7.10.1.3 0.0,5
3.7.10.11 0.0,1
3.6.9.11 0.0,4
4.8.11 0.0,7
6.9.11 0.0,3
5.9.11 0.0,1
9.11.4 0.0,1
9.11.3 0.0,1
9.11.1 0.0,1
8.11.2 0.0,20
8.10.1 0.0,5
8.10.1.4 0.0,1
3.8 0.0,9
0.1.3 0.25,3
1.3.8 0.25,3
rest 45.0,1
4.7.9.0 0.5,1
rest 100.0,1
rest 10/3,2
rest 31/3,1
rest 34.75,1
rest 1001/3,1
rest 952/3,1
8.10.3 0.5,6
0.4.8 0.5,6
3.5.7.10 0.5,2
rest 226.0,1
B-1 1.5,2
rest 216.75,1
2.3.5.8.10 1.5,1
7.10 3.5,1
B-1 4.5,1
9.0.3 1.25,1
B-2 2.25,1
5.8.11 2.5,1
8.11.2 2.5,1
B-4 3.5,1
10 3.5,1
7.8.0.3 0.5,1
rest 84.0,1
rest 83.75,1
6.10 3.5,1
5.8.11 1.5,1
E-2 4.5,1
rest 101/6,1
rest 7.5,5
2.5.8 1.25,1
10.3 2.25,1
rest 23.0,2
rest 151/3,1
rest 1128.0,1
rest 3278/3,1
E-4 9.0,2
C5 6.0,2
5.8.0 3.0,2
G#4 6.0,2
1.5 3.0,2
9.11.3 3.0,8
B-2 6.0,8
G4 4.5,2
E-6 3.0,4
B-2 5.0,4
2.5.7.8.10 1.0,4
2.5.8 3.0,3
10.0 5.0,1
5.7 5.0,1
2.5.7 5.0,1
C#4 9.0,1
6.10 3.0,2
1.6 3.0,2
B-4 6.0,1
3.6.10 3.0,1
11.1.5 3.0,1
7.0 3.0,1
C3 6.0,4
A4 4.5,1
7 4.5,1
G2 5.0,2
11.2.3.5.7 1.0,2
rest 4.25,3
rest 5729/12,1
11.2.5 1/3,24
7.0 2/3,4
C5 4/3,3
3.7.9 1/3,3
0.6 1/3,2
6.9.0 1/3,9
6.9.11 1.0,2
7.11.2 2/3,6
11.2.5.7 2/3,2
11.2.5.7 1/3,2
11.0 1/3,1
2.5.9 1/3,5
2.5.7 1/3,7
8.0.2 1/3,3
2.5.9 2/3,4
5.11 1/3,7
2.5.9 4/3,1
7.10.1 1/3,21
0.3.6.9 1/3,4
rest 163.0,1
rest 152.0,2
rest 110.0,1
4.6.9 0.25,1
A4 1.25,2
7.10.1 4.0,1
C2 3.0,3
rest 35.0,4
0.4 0.0,6
1.5 0.0,8
2.5.7.8 4.0,1
5.8.11 4.0,1
2.7.8 0.75,1
F6 1.75,1
rest 2.75,1
rest 8.75,1
9.0.3.5 0.0,7
rest 223.0,1
4.6.10 0.5,2
2.7 1.25,2
10.0.5 0.25,1
9.0 2.5,1
7.9.10 0.5,1
rest 27.0,2
rest 160.0,1
rest 547/3,1
rest 168.0,1
rest 2992/3,1
11.2 4.0,3
4.8 4.0,1
2.4.8 4.0,1
E4 8.0,3
4.7.9 3.0,1
rest 594.0,1
B5 8/3,2
2 3.0,4
8.10.2 3.0,2
rest 52.0,1
rest 541/3,1
rest 2380/3,1
rest 1537.5,1
rest 9143/6,1
4.7.10.0 1/3,29
7 2.5,4
rest 1464.0,1
0.3.6.8 2.0,12
3.6.9.11 2.0,10
1.4.6.9 1.0,2
11 4.0,7
6.9 3.0,3
rest 1287.0,1
9.11.1 1/3,2
8.11.1 1/3,2
3.6.9 1/3,2
10.1.4.6 1/3,24
E3 8.0,2
C4 22/3,2
B-3 7.0,1
rest 292/3,1
G3 20/3,1
C3 19/3,2
F4 22/3,1
E-4 7.0,1
C4 20/3,1
F3 19/3,1
B-3 22/3,3
G#3 7.0,1
F3 20/3,1
B-2 19/3,3
E-3 4/3,6
F#3 7.0,3
E-3 20/3,2
C#3 4/3,3
C#3 20/3,1
B3 22/3,2
D3 20/3,2
B2 19/3,2
F4 10/3,1
F3 7/3,1
F#4 10/3,1
C4 8/3,1
F#3 7/3,1
G3 10/3,1
B2 4/3,1
G2 10/3,1
rest 1984/3,1
G2 3.5,1
7.11.2 4.25,1
G1 4.25,2
G3 4.25,1
5.8.11.1 2.0,1
8.11.2.4 2.0,5
6.9.11.2 1.0,1
2.5 3.0,3
5.7.9 1/3,1
5.7.11 0.25,3
C4 8.0,1
C3 8.0,1
8.0.3 1/3,10
9.0.3.5 1/3,8
3.7.11 1/3,2
5.8.0 1/3,22
4.7.10 1/3,33
0.4.8 1/3,2
6.8.0 1/3,4
C3 2.5,1
F4 1.25,5
F1 1.25,1
5.11 2.5,1
F5 10/3,1
rest 254/3,1
F4 3.75,1
2.7 4.0,1
G2 8.0,2
2.5 7.0,2
G1 8.0,1
rest 36.0,1
rest 121/6,1
rest 59/3,1
rest 260.0,1
rest 256.0,1
8.1 4.0,2
rest 739/3,1
8.1 2.0,13
11 5.0,2
C#2 2.0,6
1.6 4.0,1
1.5 4.0,1
1.6 2.0,2
1.4.8 2.0,3
8 12.0,1
1 5.0,2
11.3 3.0,1
C#2 4.0,3
G#1 4.0,2
C#2 6.0,1
1.4.8 4.0,1
rest 25.75,1
rest 137/3,1
rest 391.75,1
rest 391.0,1
rest 369.75,1
B-2 1.25,6
rest 3731/12,1
2.4.7 1.0,2
F#2 2.0,3
3.5.6 0.25,2
7.10.0 0.0,3
4.5.7.10.0 0.0,4
4.5.7.10.0.1 0.0,4
E-4 5/3,1
8.11 1.25,1
6.10 1.25,1
1.5 0.75,1
3.6 1.25,1
8.10.11 0.25,2
9.10.0.3.5 0.0,8
10.0.3 2.0,1
3.5.7 0.25,3
5.6 0.0,3
5.11 1.25,1
F2 5.0,1
rest 497/12,1
2.5.8 0.0,2
4.6.10.0 0.0,1
rest 88.0,2
rest 637.5,1
rest 637.75,1
rest 663.75,1
2.5.8.10 2.0,2
8.0.3 1.25,2
rest 582.25,1
rest 554.0,1
B-2 8.0,4
0.3.5.8 1.0,1
0.2.5.8 1.0,1
4.6.7.10 0.25,1
5.9.0 1.25,1
G3 8.0,3
11.2.5.7 4.0,2
3.6 4.0,1
8 10.0,1
0.3.6.8 2.5,1
0.3.6.8 4.0,1
A2 16/3,1
C3 5.0,1
E-3 5.0,1
F#3 14/3,1
A3 4.5,1
C4 2.25,1
rest 13.5,2
rest 131/3,1
rest 103.75,2
rest 104.0,3
rest 104.25,2
rest 313/3,2
rest 156.5,1
rest 119.0,1
rest 25/12,1
rest 385/6,4
rest 767/12,2
rest 383/6,2
rest 127/2,1
2.3.7.10 0.25,11
3.5.10 0.25,2
rest 1/6,9
rest 53.0,1
rest 14.5,1
rest 1267.25,1
10.1.5 0.75,1
6.10.1 1.25,1
rest 15055/12,1
3.6.10 0.75,1
10.1.4.6 0.75,1
11.3.6 0.75,1
rest 14075/12,1
8.11.3 1.25,1
4.8.11 1.25,1
1.4.8 1.25,1
9.11.2.4 16.0,1
8 2/3,5
9.1 0.0,3
G6 1.5,13
G#6 1.0,1
B3 1.25,1
G#6 1.25,5
11.2.3 0.25,1
G#6 1.5,3
0.1.5 0.25,1
C1 3.0,1
4.10 3.0,1
E-5 2.5,1
B-1 3.0,1
1.3 3.0,1
8.0 1.25,1
5.6 0.25,9
6 1.25,1
B4 4.0,1
8.9 1/3,1
4.6.9 1.0,2
9.11.2 1.0,2
4.6.7 1.0,1
6.11 1.0,1
F3 2.5,1
F#4 2.5,1
B-6 1.0,1
E-1 0.25,30
rest 697/12,1
rest 161/12,1
rest 13.25,1
rest 13.0,2
rest 770.0,1
rest 8663/12,1
8.10.3 0.25,1
7.8.10 0.25,1
8.10.0 0.25,5
2.5.8.10 1/3,2
5.8.10 1/3,2
2.3.5.8.9.10 0.25,15
3.7.8.10 0.25,8
3.5.7.10 0.25,5
2.3.5.8.10 0.25,3
9.10.2 0.25,2
0.2.3.7 0.25,4
C#6 3.0,1
7.9.10.1.3 0.25,3
7.10.0.1.3 0.25,2
7.8.10.1.3 0.25,1
1.3.5.7.10 0.25,1
2.3.5.8.11 0.25,1
B6 0.5,1
2.3.5 0.25,2
3.5.8 0.25,6
7.8.0.3 0.25,1
rest 769/12,1
5.8.10.0 0.5,2
rest 69.0,1
rest 250/3,1
rest 430/3,1
rest 143.5,1
rest 195.5,1
rest 587/3,1
rest 24.0,2
rest 67.25,1
rest 848/3,1
rest 11.75,1
rest 221.5,1
rest 635/12,1
rest 317/6,1
7.9.11.0 1.0,6
rest 170.75,1
rest 512/3,1
rest 170.5,1
rest 511/3,1
rest 29.75,1
8.11.2.4 0.5,6
11.2.4 1.5,4
4.6.9 0.0,2
2.4.9 1.0,2
8.11.2 1.5,1
rest 301/3,1
rest 934.0,1
rest 1052.0,1
rest 1079.25,1
rest 2831/3,1
7.8.10.1.3 1.0,2
4.5.7.10.0 1.0,2
0.1.3.6.8 1.0,6
6.8.0.1 1.0,4
2.4.7.10 0.5,1
3.6.8 2.0,1
7.9.0.3 1.0,1
11.2.5 5.0,1
G6 0.75,3
5.8.0 2.0,9
10.1.5 2.0,4
F#6 1/3,1
rest 102.0,1
rest 50.0,1
11.0.2.5.7 0.5,14
rest 30.0,3
rest 221.25,1
10.0.4 2/3,1
4.5.7.10 2/3,1
5.7 2/3,1
10.0 2/3,7
A4 4/3,3
rest 7/12,1
4.5.7.10.0 4/3,1
rest 38.25,1
rest 75.25,1
rest 1064.75,1
rest 1132.5,1
rest 1094.25,1
rest 1036.25,1
5.7.10 2.0,3
10.0.3 2.5,3
0.3 2.5,3
5.7.0 0.25,2
0.2.3 0.25,2
E-3 4.0,2
6.8.11 0.25,2
5.6.11 0.25,4
11.1.6 0.25,4
6.10.11 0.25,2
9.0.1.3 0.25,4
9.10.0.3 0.25,2
9.0.1 0.25,4
C2 11.75,2
5.6.8 0.25,8
6.8.1 0.25,6
6.8.10 0.25,2
1.5.6 0.25,4
1.3.5 0.25,4
0.4.6 1/3,2
G#1 0.0,1
G#2 1.75,3
rest 46.75,1
F3 1.25,3
F2 1.75,1
B-2 1.75,1
F#3 1.25,1
G#3 1.75,3
F3 1.75,1
B-3 1.75,1
rest 26.5,2
rest 19.25,1
rest 58/3,1
10.1 2/3,6
8.0 2/3,6
rest 1412/3,1
rest 455.25,1
rest 1216/3,1
rest 2429/6,1
3.5 1/3,4
C#3 2/3,5
3.8 1/3,8
3.8 2/3,5
8.10 2/3,2
rest 403/6,1
rest 401/6,1
rest 121/3,1
rest 866.5,1
5.8.11 2/3,6
0.3.5 20/3,1
F#5 8/3,1
9.2 4/3,1
E-3 8/3,3
9.0.3 2/3,2
D5 8/3,1
F5 8/3,1
10.2.5 2/3,9
2.8 8/3,1
E-4 4/3,1
E-2 2/3,1
5.8.10 2/3,1
3.7.10 2/3,1
G4 8/3,1
3.6.9 2/3,1
F4 8/3,1
1.6 2/3,3
1.5 2/3,1
E4 4/3,1
F#3 8/3,2
A3 4/3,2
F3 8/3,2
0.3.5 8/3,2
5.8.0 2/3,1
2.5.7 2/3,1
10.0.3 2/3,1
5.7 8/3,1
9.10 2/3,5
E5 4/3,2
10.2.3 1/3,3
9.10 1/3,4
rest 107/6,1
9.0.3.5 2/3,2
rest 74/3,1
rest 79.0,1
rest 858.0,1
6.7.9 3.0,1
7.11.2 6.0,1
F#4 2.25,1
9.0.2 2.0,1
2.5.7 4.0,1
rest 296.0,2
rest 352.5,1
rest 456.0,1
F6 4.0,1
7.11.2 4.0,1
rest 1432.5,1
rest 15719/12,1
6.9.0.2 8.0,1
G#1 16.0,1
G7 0.25,1
F#6 4/3,1
rest 241/12,1
rest 96.0,1
rest 361/3,1
rest 362/3,1
rest 400/3,1
rest 91.25,1
rest 3499/12,1
rest 3301/12,1
rest 15.0,3
rest 788/3,1
G5 7/3,1
10.1.3 1/3,10
C#6 7/3,1
rest 259/12,1
rest 65/12,1
rest 217.75,1
rest 188.0,1
rest 29.25,1
rest 148.0,2
rest 664.0,1
B4 1.75,2
D5 1.75,2
9.11.0 0.25,1
7.11.0 0.25,1
7.9.11 0.25,2
0.4 2.5,1
rest 1309.0,1
11.1.4.7 1.0,2
2.5.7 3.0,2
10.0 3.0,2
0.4 3.0,4
rest 4.75,2
rest 43.0,1
rest 47.0,1
rest 265.0,1
rest 26.0,1
rest 394.0,1
8.11.3 2.0,3
6.8 1.5,2
6.8 3.0,3
G#2 12.0,2
6 3.0,11
E-2 3.0,4
F#2 3.0,4
G#2 8.0,2
G#1 3.0,2
2.8 3.0,2
1.7 3.0,2
C#3 12.0,4
C#3 6.0,2
G#2 5.0,2
G#1 2.0,2
6.8 2.0,1
rest 729.0,1
6.9.0 0.75,3
10.1.4.6 1.5,2
10.1.4 0.75,2
rest 579.0,1
G4 5.0,2
11.3 1.75,2
4 2.5,6
7.11 3.0,4
E3 6.0,4
4.6.9.0 2.0,6
11.2.5.7 1.5,2
8.11.2.4 1.5,2
B-3 5.0,1
10.1.4 5.0,1
11.2.6 3.0,1
6.11 3.0,1
11.0.4.7 0.25,1
8.11.1.4 0.25,1
10.1.4.6.7 0.25,11
10.1.4.6 3.0,2
1.4.6 3.0,1
6.9.11 0.25,2
5.9.0 5.0,1
6.9.11 5.0,1
11.4 3.0,1
4.5.9.0 0.25,1
1.4.6.9 0.25,1
3.6.9.11.0 0.25,11
rest 130.0,1
9.0 3.0,2
4.7.11 3.0,3
4.7.11 0.75,1
9.0.3 0.75,1
